Title,Discounted Price,Status
HBQ I7S TWS Double Dual Mini Wireless 4.1 Bluetooth Earphone With Power Case - White,"
        ৳278
      ",Almost sold out
Jp Cotton Short Sleeve T-Shirt for Men,"
        ৳145
      ",74 sold
Men Wallets Men Jeep Wallet with Coin Bag Small Money Purses New Design Dollar Slim Purse Money Clip Long Wallet,"
        ৳96
      ",79 sold
Universal Flexible Mobile Phone Holder Stand – Black,"
        ৳94
      ",70 sold
Freedom Panty System (Economy Pack) - 15 Pads,"
        ৳105
      ",6 sold
Tan Mushroom Canned Whole- 400g,"
        ৳80
      ",55 sold
Invisible Ink Pen with Money Checker 1 pecs,"
        ৳29
      ",21 sold
Coral Banana Flavor Extra Performance Condoms 1 Pack - 3 Pcs,"
        ৳23
      ",21 sold
Women's Jhorna Soft Cotton Sharee,"
        ৳395
      ",80 sold
P47 - Wireless Bluetooth Headphone,"
        ৳340
      ",23 sold
Back Bencher Cotton T Shirt,"
        ৳147
      ",32 sold
Top Trendy Hot Selling 2Pcs Silver Fiber Blue Color PUBG Finger Sleeves / Breathable Game Controller Finger Cover Sweat Proof Non-Scratch Sensitive Touch Screen Gaming Finger Thumb Sleeve Gloves 2pcs,"
        ৳22
      ",38 sold
"Uslion Or Topk 1m Led Magnetic Usb Charging Cable for Any Mobile, Tab, Camera , Gadgets Etc. (ম্যাগনেটিক চাজিং ক্যাবল)","
        ৳99
      ",26 sold
100 Pcs Newstrip First Aid Strip Tape - Newstrip One Time Bandages,"
        ৳36
      ",16 sold
High Quality Silicone Dish Washing Kitchen Hand Gloves,"
        ৳145
      ",27 sold
exclusive stylish bracelet for woman,"
        ৳66
      ",41 sold
Fingerless Gloves for women High Quality Half-Finger hand gloves for women Black Skin,"
        ৳71
      ",40 sold
Plastic Hangers 12-Pieces,"
        ৳60
      ",25 sold
Surgical Face Mask White/Pink(Melt-Blown) 50 PCS,"
        ৳100
      ",18 sold
Pack Of 3 Boxer For Mens,"
        ৳222
      ",30 sold
LASIKA W-H9015  Water Resistance/ Waterproof 50m Silicon Digital Watch for Men With Lasika Box - Red(null),"
        ৳268
      ",23 sold
i7S TWS Earphones Dual Wireless Bluetooth Earbuds for iPhone 6 / 7 Plus / X / Samsung etc - White,"
        ৳243
      ",43 sold
MULTI FUNCTIONAL USB Rechargeable LED Mini Flashlight - Torchlight + COB LED Torchlight Micro USB Charging System Handheld Portable Tactical Flashlight Torch With New Stylish Fashionable Storage Box.,"
        ৳170
      ",47 sold
Coral Mint Flavors Lubricated Natural Latex Condoms Single Pack - 3x1= 3 pcs,"
        ৳24
      ",28 sold
Cotton Socks for Men 05 Pair,"
        ৳145
      ",28 sold
Planet White Toilet Tissue 1 Dozen,"
        ৳163
      ",42 sold
"Ladies Bra Panty Set for  Women  , Cotton Sports Bra and panty set for women ,Body shape Bra panty Set for Women – Boxed","
        ৳197
      ",56 sold
Wireless Sports Bluetooth Magnet Earphone,"
        ৳130
      ",47 sold
Your Name sticker for bike.. Motorcycle (আপনার নাম এবং যেকোনো ডিজাইনের কাস্টমাইজ স্টিকার বানায় নিন),"
        ৳140
      ",20 sold
Crown Adjustable Couple Ring,"
        ৳110
      ",20 sold
Automatic Toothpaste Dispenser and Brush Holder Set,"
        ৳220
      ",30 sold
in Earphones  buds 2 Wired Earbud In-ear Bass Subwoofer Stereo Earphones Hands-free With Mic,"
        ৳72
      ",30 sold
PUBG Mobile Gaming 5 Pair Breathable Mobile Finger Sleeve Press Trigger Game Controller Sweatproof Gloves,"
        ৳89
      ",49 sold
Led watches  for MAN,"
        ৳139
      ",32 sold
Portable Mini USB Flashlight LED Q5 COB LED Torch Lamp Built In Battery Torch Work Light with USB Cable for Camping Hiking,"
        ৳178
      ",11 sold
Makeup Eyeliner Pencil Waterproof Black Eyeliner Pen Long-lasting,"
        ৳29
      ",49 sold
12 pcs Transparent Self Adhesive Bathroom Kitchen Door Wall Hooks,"
        ৳116
      ",11 sold
Silicone Facial Cleaning Brush For Limpiador Facial Octopus Shape Deep Pore Exfoliating Cleansing Face Brushes Skin Care,"
        ৳58
      ",10 sold
Tshirt,"
        ৳125
      ",10 sold
Cotton Boxer Underwear For Men - One Piece,"
        ৳79
      ",22 sold
Sweat Slim Belt Plus - [ Indian ],"
        ৳205
      ",38 sold
3120 Aluminum Alloy Tripod For Camera and Mobile - Black,"
        ৳285
      ",26 sold
Cotton Casual T-shirt for Men - Navy Blue,"
        ৳150
      ",16 sold
18 Color Eyeshadow Palette,"
        ৳278
      ",24 sold
Black and White Steel Unisex Fashion Glass,"
        ৳157
      ",9 sold
Black Leather Formal Belt For Men,"
        ৳76
      ",41 sold
Car or Bike Wash Gloves Towel Microfiber Car or Bike Cleaning Care Detailing Tools Chenille Soft Towel For Automotives,"
        ৳125
      ",15 sold
Lenovo Wireless Headsets HE05 Sport Earphone Magnetic Hanging Bluetooth 5.0 Call noise reduction 8 Hours Music Control,"
        ৳490
      ",39 sold
Samsung Galaxy M21 / M31 - Flexible Matte Tempered Glass Screen Protector,"
        ৳69
      ",38 sold
Digital Weight Machine,"
        ৳630
      ",21 sold
Sensation Dotted Coffee Condom 1 pack- 3 pieces Condom,"
        ৳25
      ",20 sold
Gaming Mouse T-Wolf V1 Gaming Mouse With RGB Backlit Seven Colour Lighting RGB Mouse Wired Gaming Mouse 2021 Latest Model RGB Gaming Mouse Gaming Accessories Supports all mouse pad and rgb mousepad V-1 PC Mouse Twolf Computer Mouse For Gaming 1200 DPI,"
        ৳175
      ",13 sold
Dedit or Credit Card Holder with Wallet For Men/Women,"
        ৳117
      ",19 sold
New Stylist Printed  Cotton Half  Sleeve T Shirt For Men,"
        ৳156
      ",33 sold
Stylish Tshirt for Men,"
        ৳120
      ",29 sold
FM Accessories Mart Universal Earphone - Headphone For Smart Phones with MIC Model M520,"
        ৳48
      ",12 sold
"1 Piece Hand Grip and Wrist Strengthener - Resistance Metal Exerciser for Hand, Forearm, and Fingers,Sponge Forearm Health Builder Gym Household Training Tools","
        ৳93
      ",7 sold
Stlylish Casual Sandals for Men,"
        ৳130
      ",18 sold
LEVI'S LEATHER WALLET MONEY PURSE CARD HOLDER FOR MEN_Brown,"
        ৳145
      ",21 sold
Organic Coconut Oil - 200 ml,"
        ৳315
      ",21 sold
Jpn Blue Staylish cotton polo,"
        ৳245
      ",30 sold
Tummy Trimmer/Waist Trimmer/Double Spring Tummy Trimmer/Fitness Tummy Trimmer/abs Tummy Trimmer/abs Exerciser Tummy Trimmer/Multipurpose Fitness Equipment for Men and Women,"
        ৳499
      ",17 sold
Reusable Multipurpose Magic Silicone Dishwashing Gloves Wash Scrubber Cleaning Gloves,"
        ৳149
      ",24 sold
Bioaqua Bamboo Charcoal Black Facial Mask - 60gm,"
        ৳210
      ",23 sold
Modular Motorcycle Bike Riding Helmet,"
        ৳320
      ",23 sold
1pc Cute Large Hair Brush Massage Comb Shower Wet Detangle Hair Brush Salon Hair Styling Tools For Women,"
        ৳126
      ",10 sold
Precision Knife With 6 Blades (Aluminium Body),"
        ৳88
      ",27 sold
SCRU Cream Lips Scrub,"
        ৳97
      ",27 sold
Black Analog Watch For Men,"
        ৳154
      ",25 sold
Sexy Best Quality Stretchable Bra (Random Color),"
        ৳105
      ",15 sold
Polorized Made In Chaina Sunglass for Men(Null),"
        ৳248
      ",15 sold
Remax Micro USB to USB Type C Converter Adapter -Multicolour,"
        ৳22
      ",9 sold
Eye Protection Glass – Blue,"
        ৳28
      ",20 sold
White printed Cotton Half Sleeve T-Shirt For Men,"
        ৳120
      ",20 sold
Eid Special City Boy Stylish Polo Shirt For Men,"
        ৳240
      ",23 sold
Miraculan মিরাকুলান-৫০ মিলি(PGR),"
        ৳52
      ",20 sold
Ayur Herbal Milk Facial Scrub - 250ml,"
        ৳75
      ",22 sold
Realme Buds Air wireless Bluetooth Headsets in-Ear Headphones,"
        ৳390
      ",12 sold
Yoga Exercise Mat - 8mm,"
        ৳481
      ",12 sold
"Fairy Decorative Light 100 Led- Multi Colur ,  Weeding Festival Party  Warm White 33 Feets waterproof Led Light.","
        ৳169
      ",12 sold
Women Luxury Starry Sky Roma Ladies Magnet Wristwatch,"
        ৳110
      ",20 sold
Solid Color T Shirt Men Cotton T-shirts,"
        ৳119
      ",6 sold
Luxury Ladies Quartz Watch Starry Sky Wrist Watch Female Wristwatch,"
        ৳115
      ",6 sold
CkeyiN Professional Hair Clipper Low Noise Rechargeable Hair Trimmer Haircut Machine for Child and Adults RC195HQ,"
        ৳1,108
      ",1 sold
Lets Slim Hand Sleeves uv outdoor sports sun protection Black Color cycling Hand sleevs,"
        ৳70
      ",11 sold
Mi Band 3 Cocotina Silicone Army strap - Gray,"
        ৳104
      ",12 sold
Mini Wireless Bluetooth 4.1 Stereo In-Ear Headset Earphone(ব্লুটুথ হেডফোন),"
        ৳112
      ",4 sold
i7s TWS Wireless Bluetooth AirPods Earbuds with Charging case - White,"
        ৳220
      ",4 sold
"Universal 3 in 1 Capacitive Stylus Pen with Mobile Stand Holder, Writing Pen, Capacitive Pen for Mobile use, Compatible for Android Touch Screen","
        ৳34
      ",15 sold
Mediker SafeLife Hand Wash Pump Combo Pack (200ml X 2pcs),"
        ৳144
      ",12 sold
SCRU Cream Lips Scrub,"
        ৳100
      ",11 sold
Foldable Desk Home Computer Stand Laptop Desk Notebook Desk Laptop Table For Bed Sofa Tray Table Dormitory Studying Table,"
        ৳1,271
      ",17 sold
Pran Chinigura Premium Rice - 5kg,"
        ৳506
      ",17 sold
"LED 2835 SMD Strip light RGB 5M/Pack 24 key remote control 60LEDs/M DIY Waterproof flexible decoration lamp, TV background light strip light","
        ৳389
      ",6 sold
UiiSii HM12 Gaming Headset Good Treble Earphone,"
        ৳350
      ",6 sold
Combo Dumbbell Plate With Two 10 inch Sticks - Blue and Silver,"
        ৳775
      ",16 sold
TOLSEN Voltage Tester 100-500V 3X140mm Neon Bulb 38114,"
        ৳48
      ",9 sold
BP Plastic Vartical Garden Plater Set/Multiple Wall Plnater Tub for Plant/Plastic Flower Tub,"
        ৳118
      ",9 sold
Remax Earphone RM 512 . New Version 2019 - Black 100% Metal Body,"
        ৳114
      ",12 sold
Brown 100% Leather Card Holder and Two Zipper Pockets Wallet for Men,"
        ৳359
      ",12 sold
Exclusive Pearl Taira Tikli For Woman,"
        ৳68
      ",15 sold
Menz Stylish & Fashionable Tshirt,"
        ৳109
      ",8 sold
makeup combo 7,"
        ৳536
      ",8 sold
Hot Water Bag With Cover,"
        ৳94
      ",3 sold
Half Foam Net Fashionable Styles Cap For Men,"
        ৳83
      ",12 sold
2021 New Model Hand Bag For Girls /Stylish And Fashionable Ladies Shoulder/ Hand Bag/,"
        ৳161
      ",5 sold
Standing Boti - দাঁড়িয়ে কাটার বটি - 1Pcs - Regular Size,"
        ৳390
      ",11 sold
12pcs pencil lipliner,"
        ৳98
      ",12 sold
Doormat - Paposh (পাপোশ)- 3 Pcs,"
        ৳89
      ",11 sold
Navy Blue Cotton Polo T-shirt for Men_HH Fashion,"
        ৳195
      ",7 sold
Ladies Short Sleeve Cotton T-Shirt,"
        ৳155
      ",12 sold
Stylish Cotton fabric 2Layer Printed Face Mask Size Adjustable- 1pcs,"
        ৳39
      ",12 sold
Pocket Series Black Notebook,"
        ৳67
      ",11 sold
Stylish 2020 Fashionable Printed Tshirt,"
        ৳109
      ",10 sold
Fila Boxer Cotton Comfortable Underwear for Men one piece,"
        ৳62
      ",10 sold
বাচ্চাকে দুধ খাওয়ানোর পর মায়ের জামা শুকনো রাখতে- Washable Breatthable Absorbency Breastt Pads Anti-overflow Maternity Nursing Pad Baby Feeding Breasttfeeding Mom Necessary New 2020,"
        ৳75
      ",8 sold
Earrings Set 12 Pairs Ear rings set for women fashion jewellery jewelry ornament earrings for girls ladies womens female gift for girl friend birthday gift eid puja valentine ear rings set good price earrings set jhumka EA-1212,"
        ৳110
      ",11 sold
Derma Roller 0.5 Mm for Hair growth,"
        ৳155
      ",4 sold
Digital Body Weight Machine,"
        ৳692
      ",6 sold
Cotton Fabric Multicolor Print 7.5 by 8.5 Feet Double King Size Bedsheet Set with Two Pillow Covers By Sharee Ghar,"
        ৳478
      ",6 sold
New blue and white stlish premium polo shirt for men,"
        ৳239
      ",5 sold
Box Lighter Holder Case Portable Smoking Gadgets,"
        ৳290
      ",5 sold
Rechargeable Flashlight Torch LED USB Portable Torches 3 Modes Mini Camping Lighting,"
        ৳170
      ",10 sold
Amloki Powder (Emblic)(আমলকী গুড়া)-(100gm),"
        ৳60
      ",10 sold
নোজ আপ শেপার লিফটার,"
        ৳39
      ",9 sold
Bicycle Seat Cover - Black,"
        ৳152
      ",9 sold
knife with Cover-1pics,"
        ৳20
      ",7 sold
Only Way To Finish Start Casual T-Shirt for men,"
        ৳350
      ",9 sold
Stylish MENZ Tshirt,"
        ৳120
      ",9 sold
Black&White Cotton Short Sleeve T Shirt For Men,"
        ৳181
      ",5 sold
Fit Me Matte And Poreless Foundation 30ml shade1/2/3,"
        ৳350
      ",5 sold
স্টাইলিশ এক্সক্লুসিভ সেমি লং পাঞ্জাবি,"
        ৳298
      ",4 sold
Multi Functional Usb Rechargeable Led Mini Flashlight - Torchlight + Cob Led Torchlight Micro Usb Charging System Handheld Focus Portable Tactical Flashlight Torch Of Zoomable. With New Stylish Fashionable Storage Box.,"
        ৳173
      ",8 sold
W643 - Leather Analog Watch For Men - Black,"
        ৳165
      ",3 sold
Artificial Leather Fashionable Sandal for Men,"
        ৳367
      ",3 sold
Portable mini rechargeable travel fan Eternal classics SS-2 fan for indoor and outdoor use,"
        ৳220
      ",3 sold
Bike Cover New ( Dust & Rain Proof),"
        ৳296
      ",6 sold
Exclusive Multi color Printed Cotton Long Sleeve Casual Shirt for Men,"
        ৳570
      ",2 sold
Night Comfort sleeping Cotton Trouser For Men Ash,"
        ৳185
      ",4 sold
Tripod 3110 40.2 Inch Portable Camera and Mobile Stand,"
        ৳277
      ",4 sold
Blender Puff Oval-Multicolor,"
        ৳34
      ",4 sold
Men's Solid Color Polo Shirts - Yellow,"
        ৳187
      ",7 sold
Mi_Bag / Back Pack PREMIUM QUALITY,"
        ৳157
      ",6 sold
HBQ i7s TWS Twin Wireless Headphones Mini Bluetooth V4.2 Stereo Headset Earphone,"
        ৳245
      ",5 sold
CkeyiN এর ফেসিয়াল ক্লিনিং 5 টিপস ব্ল্যাকহেড রিমুভার বৈদ্যুতিক ভ্যাকুয়াম সাকশন ব্ল্যাকহেড ব্রণ এক্সট্র্যাক্টর পোর গভীরভাবে পরিষ্কারের সরঞ্জাম ত্বকের যত্ন সৌন্দর্য এর মাল্টিফেকশনাল ডিভাইস MR278W-B,"
        ৳695
      ",3 sold
High quality Huge Capacity Thin Men's Long Wallet & Mobile Cover,"
        ৳89
      ",3 sold
Soft Cotton Baby Handkerchief or Towel - 8pcs/Pack,"
        ৳129
      ",6 sold
2021 New Exclusive Trendy Casual Half Sleeve Printed T-Shirt for Man,"
        ৳109
      ",6 sold
স্টাইলিশ এক্সক্লুসিভ সেমি লং পাঞ্জাবী,"
        ৳220
      ",6 sold
Hello Kitty bag for girls  Small bag  Small backpack for girls/ Stylish Backpack For Girls/Casual Backpack,"
        ৳158
      ",6 sold
Music All Over - Men's Half Sleeve Casual T-Shirt,"
        ৳350
      ",6 sold
STM Cap Style New Version Bike Helmet,"
        ৳190
      ",5 sold
Iphone X / XS   (5.8 inch)official Silicon case with apple logo- 20 color in stock,"
        ৳399
      ",5 sold
2020 Menz Fashionable Tshirt,"
        ৳109
      ",5 sold
F1 Hybrid Nice Ball Brinjal Begun Eggplant Seed 20 Piece (বেগুন বীজ),"
        ৳33
      ",4 sold
Mini Bluetooth Wireless Headphone - Black,"
        ৳125
      ",4 sold
korea super early hybrid Squash Seeds - 5pcs - Green,"
        ৳23
      ",3 sold
Cookie Cutter (12 Pieces),"
        ৳95
      ",3 sold
MI Staylish Mini Backpack for Men Travel Bag Collage Bag School Bag,"
        ৳156
      ",4 sold
"PU Leather Stylish New Fashionable Sholder, Hand Bag and backpack Use For Women Girls Ladies./Bagpack For Girls","
        ৳164
      ",4 sold
Chaina boxer underware for men,"
        ৳70
      ",4 sold
3 in 1 Tummy Trimmer Ab Exerciser with Chest Expander and Hand Grip Home Fitness Equipment Muscle Training 3 in 1,"
        ৳745
      ",3 sold
Baseus 10000mAh Power Bank 15W Phone Charger 4 Output  - Black,"
        ৳1,296
      ",2 sold
Ayur Herbal Massage Cream With Mango - 250ml,"
        ৳48
      ",4 sold
Menz Stylish  2020 summer new  casual Full Sleeve t shirt,"
        ৳119
      ",4 sold
Cotton Boxer Underwear for Men II Export Quality II - 03 pcs in 1 box,"
        ৳233
      ",4 sold
Japani Soft Silk Saree for Women - Dark Ash,"
        ৳375
      ",4 sold
1 Piece Sexy  Cotton Guddi Bra for Woman,"
        ৳96
      ",3 sold
Bili Online Lilliput 10 Liter Daypack,"
        ৳263
      ",3 sold
Slim-fit Stretchable Comfortable Bra ( Full Chicken ),"
        ৳105
      ",3 sold
Yellow Stylish Polo T-Shirt For Men's,"
        ৳250
      ",2 sold
PU Leather Analog Wrist Watch For Men-Brown,"
        ৳131
      ",2 sold
Tummy Trimmer - Double Spring - Black & Red,"
        ৳662
      ",3 sold
Durex Air Thin Ultra Love Condoms - 3pcs,"
        ৳94
      ",3 sold
Heart-Shaped Metal Alarm Bed/Table Clock,"
        ৳266
      ",2 sold
Women Stylish New Buterfly Design Kurti (One Piece) ( 9 Colours Available),"
        ৳199
      ",2 sold
Mens Waterproof Watch OLEVS Fashion Double Calendar Luminous Watches Men Leather Quartz Auto  Wristwatch for Male,"
        ৳984
      ",2 sold
2020 Women's T-shirt T-shirt First Buy A d i d a s O-neck Top Women Kawaii Retro Summer Casual Clothing Female Short Tops,"
        ৳135
      ",2 sold
বামন জাতের সীম বীজ ১৪ পিস (রি-প্যাক) বারোমাসি,"
        ৳39
      ",2 sold
Travel Bags For Boys & Girls Waterproof Teenage Children School Backpack,"
        ৳147
      ",1 sold
Gym Belt - Black,"
        ৳440
      ",1 sold
Water Resistant Universal Bike Dust Cover with Storage Bag-Black (Economy),"
        ৳289
      ",1 sold
TP4056 Lithium Battery Charging Board 5V 1A 18650 Battery Charger 5pcs/Lot,"
        ৳167
      ",1 sold
Ash Cotton Short Sleeve T-Shirt for Men,"
        ৳148
      ",600 in stock
Weight Machine - Camry - BR9201 - Grey,"
        ৳846
      ",10 in stock
Hair Razor Comb Shaving Blades Handle Hairdressing Hair Styling Razor Comb,"
        ৳296
      ",10 in stock
Power-free Hand Blender and Beater with High Speed Operation (Multicolour),"
        ৳230
      ",250 in stock
Cargo Pants for Men,"
        ৳881
      ",1000 in stock
IP Camera V380 HD WiFi IP Camera Robotic 360 Degree Rotation Wireless CCTV Camera Mini CC Camera 360 Camera IP Webcam Security Camera 360 Degree IP Camera HD IP Camera For Xiaomi IP Camera Wi Fi Wifi IP Camera Wireless CCTV Camera Price In Bangladesh BD,"
        ৳1,270
      ",50 in stock
Trendy Leather Sandal For Men-Black,"
        ৳590
      ",450 in stock
PNTN Shampoo 75ML Anti Hairfall Long Black Shampoo,"
        ৳89
      ",450 in stock
Head & Shoulders 2 in 1 Anti-Dandruff Shampoo + Conditioner Smooth & Silky - 1000M,"
        ৳1,362
      ",50 in stock
Back Camera Lens Protector Glass for Realme C12 / C15 / C25 / Narzo 20 / Narzo 30A,"
        ৳69
      ",50 in stock
Black Mans Comfortable Cotton Cargo Shorts Half Pants,"
        ৳198
      ",50 in stock
Danish Original Chinigura Aromatic Rice - 1kg,"
        ৳110
      ",50 in stock
ALHAMDULILLAH FOR EVERYTHING -Stylish T Shirt For Men,"
        ৳350
      ",900 in stock
Sports Bra for Women/Girl,"
        ৳99
      ",36 in stock
Head & Shoulders Shampoo Smooth & Silky 180ML,"
        ৳223
      ",1000 in stock
Emami Emasol Disinfect Floor Cleaner - 500ml (Lavender),"
        ৳129
      ",10 in stock
Dettol Handwash Re-energize 200ml Pump and 170ml Refill Combo,"
        ৳144
      ",50 in stock
Boro Plus Moisturising Lip Balm (Fragrance Free) 10gm,"
        ৳60
      ",1000 in stock
Likee black  Short Sleeves T-Shirt For Men(Likee),"
        ৳129
      ",10 in stock
Sweat Slim Belt Plus - [ Indian ],"
        ৳229
      ",50 in stock
2021 High Quality Mens tshirt Man Short Sleeve Casual O Neck Velvet Thick Plus Thick T-Shirt Male Tees,"
        ৳109
      ",None
GODREJ LIQ HAIR DYE NATURAL BLACK-1 40ML,"
        ৳207
      ",None
Almer Hand Sanitizer 50ml and 10 Pieces 3 Ply Disposable Surgical Face Mask Combo,"
        ৳430
      ",None
Neaklace for women Fashion Accessories Crystal Sequins Necklace Tassel Flash Pandent Choker Gift (  Imported product ),"
        ৳91
      ",None
Pantene Shampoo Hair Fall Control 2in1 180ML,"
        ৳247
      ",None
First Flush Black Tea - 100gm,"
        ৳185
      ",None
Sid Tower Ash Cotton Short Sleeve T-Shirt for Men_HH Fasion,"
        ৳? ? ?
      ",None
Exclusive Charming Looking Stylish New Anklet ( Payel ) For girl and Women,"
        ৳? ? ?
      ",None
Remax RM 501 In Ear Earphone Stereo Headset Metal Body,"
        ৳? ? ?
      ",None
Emami Emasol Disinfect Floor Cleaner - 975ml (Citrus),"
        ৳? ? ?
      ",None
Remax Type C OTG Cable,"
        ৳? ? ?
      ",None
BOSTANTEN  Black quartz watches for men waterproof  digital sport,"
        ৳? ? ?
      ",None
Comfortable Cotton Half Sleeve T-Shirt For Mans,"
        ৳? ? ?
      ",None
Cotton Casual T-shirt for Men - Multicolor,"
        ৳? ? ?
      ",None
Artificial Leather Fashionable Sandal for Men,"
        ৳? ? ?
      ",None
উচ্চ মানের মেটাল বডি কাবির সিং সানগ্লাস,"
        ৳? ? ?
      ",None
i7S TWS Earphones Dual Wireless Bluetooth Earbuds for iPhone 6 / 7 Plus / X / Samsung etc,"
        ৳? ? ?
      ",None
Loafer shoes,"
        ৳? ? ?
      ",None
Mediker SafeLife Soap Bar Combo Pack (100gm X 3pcs),"
        ৳? ? ?
      ",None
New Men T-shirt Cotton Short Sleeves WHITE Solid PRINTED Mens Summer Brand Clothing FIRST BUY,"
        ৳? ? ?
      ",None
Women rose butterfly anklet (Payel) (nupur) for Women and girl,"
        ৳? ? ?
      ",None
i7s TWS Mini Wireless Bluetooth AirPods Earbuds with Charging case and Mic,"
        ৳? ? ?
      ",None
Lenovo HE05 Bluetooth 5.0 Wireless Earphones Magnetic Neckband Bluetooth Headphone Waterproof Stereo Headset with Mic,"
        ৳? ? ?
      ",None
Standing Boti - দাঁড়িয়ে কাটার বটি - 1Pcs - Regular Size,"
        ৳? ? ?
      ",None
Soft Sexy Bras For Women,"
        ৳? ? ?
      ",None
TiTi Artist Watercolour Brushes Round tip Paint Brush (Single Pc),"
        ৳? ? ?
      ",None
kabir sing black ploycarbonet plastic frame fashion sun glass sunglass  kabir sing sunglass,"
        ৳? ? ?
      ",None
Jewelry Storage Box 15 Compartment Ornaments Plastic Storage Box Case for Bead Rings Jewelry Display Organizer,"
        ৳? ? ?
      ",None
Mixed Dry fruits & nuts with twelve items( মিক্সড ড্রাই এন্ড নাটস )  250g,"
        ৳? ? ?
      ",None
Eagle Tactical Folding Swtch Gear Knife Flipper Outdoor Hunting Survival Pocket Knife Utility Clip Tool,"
        ৳? ? ?
      ",None
Chocolate Leather Wrist Watch For Men,"
        ৳? ? ?
      ",None
Vermicompost (কেঁচো সার) ৫ কেজির প্যাকেট,"
        ৳? ? ?
      ",None
Flash -Stylish T Shirt For Men,"
        ৳? ? ?
      ",None
36 Rubber Touch LED Digital Watch for Boys -Black,"
        ৳? ? ?
      ",None
Contrast Half Sleeve Polo T-Shirt,"
        ৳? ? ?
      ",None
RED ROSE ATTAR By (Al-Rezaul) 6ml,"
        ৳? ? ?
      ",None
Stylish Beautiful New Design Wall Clock,"
        ৳? ? ?
      ",None
Silicon Oil Brush And Silicon Spatula,"
        ৳? ? ?
      ",None
Foldable slim Mini Knife,"
        ৳? ? ?
      ",None
Metal Magnetic Cable X-Cable 3 IN 1  Fast Charging Micro USB Cable Type C Magnet Charger iPhone,"
        ৳? ? ?
      ",None
"Custom Tshirt Printing With Your Photo and Text (White Round Neck) - M, L, XL","
        ৳? ? ?
      ",None
Sports Mini Backpack Daypar Bookbags Travel Bag & school Bag fo Men,"
        ৳? ? ?
      ",None
Auoyo LED Bed Night Light Mini Wall Lights Auto On/Off  Bedside Lamp Bedroom Nightlight Smart Lighting Energy Saving Light Plug Play for Bathroom Hallway Pathway Toilet,"
        ৳? ? ?
      ",None
LED Dream Mushroom Lamp - multi color,"
        ৳? ? ?
      ",None
Black&White Cotton Short Sleeve Polo T-Shirt For Men,"
        ৳? ? ?
      ",None
DM10 - In-Ear Earphone - Black,"
        ৳? ? ?
      ",None
"Latest Designed, High Quality Linen Cotton Fabric, Exclusive, Fashionable, Stylish and Comfortable, Kurtis for Girls (1 pcs 7 Colours Available)","
        ৳? ? ?
      ",None
Godrej Protekt Hand Sanitizer 100ml,"
        ৳? ? ?
      ",None
"Desktop mobile Stand - Smartphone , Tab Holder - Liftable , Foldable , Height adjustable - For online Class / watch movie","
        ৳? ? ?
      ",None
Pendant Necklace For Girls GOLDEN HEART PENDANT Cute Smart Love Pendant Heart Pendant Necklace For Women GH-0347 Pendant For Girls Pendant For Ladies Pendent Jewelry Ornament Women Fashion Jewellery Valentine Gift for her Heart Pendant With Chain,"
        ৳? ? ?
      ",None
Soft Sexy Bras For Women/Girl (Free Size),"
        ৳? ? ?
      ",None
High Quality low price Custom 100% digital print T Shirts  White Tshirt plain Sublimation polyester T-Shirt,"
        ৳? ? ?
      ",None
ayur Herbal Massage Cream With Aloe Vera- 250ml,"
        ৳? ? ?
      ",None
Full Chicken // Slim-fit Stretchable Comfortable Bra,"
        ৳? ? ?
      ",None
Remax RPP-96 Lango Series Dual USB Ports 10000mAh Fast Charge Power Bank,"
        ৳? ? ?
      ",None
Emami Emasol Disinfect Floor Cleaner - 975ml (Lavender),"
        ৳? ? ?
      ",None
Glue gun stick 10pcs-white,"
        ৳? ? ?
      ",None
Ge.Ni.U.S-T Shirt For Men,"
        ৳? ? ?
      ",None
Reusable Cloth Fabric Mask,"
        ৳? ? ?
      ",None
PU Leather Tri-Fold Zipper Coin Wallet For Men(),"
        ৳? ? ?
      ",None
Casual Soft Leather Belt For Men - Black,"
        ৳? ? ?
      ",None
Emami 7 oils in one Castor : 200ml,"
        ৳? ? ?
      ",None
Coco Peat Block(কোকো পিট ব্লক)-৪.২৫ কেজি ± ১৫০ গ্রাম,"
        ৳? ? ?
      ",None
Cricket Trouser For Men & women,"
        ৳? ? ?
      ",None
Yoga and Exercise Mat 6mm,"
        ৳? ? ?
      ",None
Coral Orange Natural Latex Condoms 1 Pack - 3 Pcs,"
        ৳? ? ?
      ",None
Foldable Fan Blade LED Light Bulb 45W PIN,"
        ৳? ? ?
      ",None
Watches for Unisex,"
        ৳? ? ?
      ",None
Instant Ready Hijab 2021 For Woman,"
        ৳? ? ?
      ",None
Muslim Short Sleeve T-shirt For Men,"
        ৳? ? ?
      ",None
LOVE HEART BEAT Special New Design Summer & Casual White Short / Half sleeves Export Quality Best selling T shirt For Men,"
        ৳? ? ?
      ",None
Kemei KM-7055 Beard Trimmer With 4 Different Size Clippers,"
        ৳? ? ?
      ",None
Silicone Facial Cleaning Brush For Limpiador Facial Octopus Shape Deep Pore Exfoliating Cleansing Face Brushes Skin Care,"
        ৳? ? ?
      ",None
Kabir Singh Sun Glass,"
        ৳? ? ?
      ",None
Men's Stylish Faux Leather Sandal,"
        ৳? ? ?
      ",None
PUBG Gaming Trigger L1/R1,"
        ৳? ? ?
      ",None
কস্তুরি হলুদ গুড়া (Wild Turmeric Powder) (Kasturi Holud Gura)-100gm,"
        ৳? ? ?
      ",None
Ready Mix Dry Garden Soil (5 kg Bag) Premium Quality,"
        ৳? ? ?
      ",None
Men's Stylish Faux Leather Sandal,"
        ৳? ? ?
      ",None
HANADI BEAUTY LIP GLOSS BEAUTY 4PCS,"
        ৳? ? ?
      ",None
Ladies Short Sleeve Cotton T-Shirt,"
        ৳? ? ?
      ",None
ছেলে এবং মেয়ে উভয়ের জন্য উচ্চ গুণমানের সম্পূর্ণ মেটাল বডি এবং গ্লাস লেন্স সানফ্লাওয়ার সবচেয়ে ভালো সেলিংয়ের ক্লাসিক ভিনটেজ গোলাকার রেট্রো সান শেড কাস্টোমাইজড স্টিম পাঙ্ক সানগ্লাস,"
        ৳? ? ?
      ",None
Women's Cotton Soft Foam Bra - Love,"
        ৳? ? ?
      ",None
Korean style new necklace for girl/women,"
        ৳? ? ?
      ",None
Fenugreek Powder (মেথি গুড়া) (100 gm)- Methi Gura,"
        ৳? ? ?
      ",None
MEN'S PREMIUM BOXER TRUNK SHORTS UNDERWEAR - 1 PCS,"
        ৳? ? ?
      ",None
Professional Facial Mask Mixing Bowl Set – Pink,"
        ৳? ? ?
      ",None
Pantene Shampoo Anti Dandruff 180ML,"
        ৳? ? ?
      ",None
Cookie Cutter 12 Pieces,"
        ৳? ? ?
      ",None
Stylist Casual Half Sleeve Polo Shirt,"
        ৳? ? ?
      ",None
Rechargeable Flashlight Torch LED USB Portable Torches 4 Modes Zoom Mini Camping Lighting,"
        ৳? ? ?
      ",None
Forget Yellow Full Sleeve T-Shirt for Men,"
        ৳? ? ?
      ",None
Ayur Herbal Massage Cream With Cucumber - 250ml,"
        ৳? ? ?
      ",None
Readymade Stylish Hot Kurti For Girls Long Linen (1 Pcs) ShadaMon Shop,"
        ৳? ? ?
      ",None
Sweat Slim Belt plus -[ Indian ],"
        ৳? ? ?
      ",None
Ponds Pure White Clay Mask Combo Pack (BDT. 50 OFF),"
        ৳? ? ?
      ",None
fashion tops ladies short sleeve casual girl\'s print new t-shirt,"
        ৳? ? ?
      ",None
Black Ladies Adjusted High quality Belt for Women,"
        ৳? ? ?
      ",None
Eid Special City Boy Premium Polo Shirt For Men,"
        ৳? ? ?
      ",None
"Synthetic Curtain - Blue Parda, Porda, windows porda, door porda","
        ৳? ? ?
      ",None
Remax RM 512 High Bass Metal Body Earphone with Mic - New Version 2021,"
        ৳? ? ?
      ",None
Cable Tie 100mm - 100Pcs,"
        ৳? ? ?
      ",None
BTS Grey Melance T-shirt,"
        ৳? ? ?
      ",None
Electric Hot Water Bag pain remover [ Multicolour ],"
        ৳? ? ?
      ",None
Black Cotton Full Sleeve T Shirt For Men,"
        ৳? ? ?
      ",None
Netflix Gift Card - 1 Screen (1 month) - 18 TL Turkey Card,"
        ৳? ? ?
      ",None
Rok Pine Disinfectant Floor Cleaner 1Ltr (25 Tk Off),"
        ৳? ? ?
      ",None
Pantene Shampoo 340ml Long Black,"
        ৳? ? ?
      ",None
HBQ I7S TWS Bluetooth Stereo Double Headsets - WHITE,"
        ৳? ? ?
      ",None
Chiffon Georgette hijab Bubble,"
        ৳? ? ?
      ",None
Java Racing Advance Quality Hand Sleeve for Motorcycle or bike Ryder,"
        ৳? ? ?
      ",None
LCD Screen Cleaner Kit - Blue,"
        ৳? ? ?
      ",None
World Map Earth Round Globe Crystal Paperweight Decoration For Gift,"
        ৳? ? ?
      ",None
2 PC Oil Brush with Silicone Spatula ( Big size),"
        ৳? ? ?
      ",None
2Pcs Cyber Fox PUBG Mobile Finger Sleeve / Sweatproof Gloves for PUBG Mobile Gaming - Black / Finger Grip For Gaming / PUBG Finger Sleeves / PUBG Finger Gloves / PUBG Finger Cover / PUBG Finger Grip / Free Fire Fiinger Sleeves,"
        ৳? ? ?
      ",None
Htc At-522 Rechargeable Electric Hair Clipper Low Noise Hair Trimmer Hair Cutting Machine Beard Shaver Trimer For Men,"
        ৳? ? ?
      ",None
Flower Tub -4 Inch,"
        ৳? ? ?
      ",None
Dhupain Cheak Sarees For Women Black Ash,"
        ৳? ? ?
      ",None
Korean Style Handsome Super Fairy Butterfly Chain Earrings Ear Bone Clip Integrated Ear Jewelry For Girl and Women,"
        ৳? ? ?
      ",None
Dabur Amla Hair Oil - 275ml,"
        ৳? ? ?
      ",None
Attar - Chocolate Fragrance Perfume - অ্যালকোহল মুক্ত (Attar 1pcs),"
        ৳? ? ?
      ",None
Finger Ring For Women - 15 pcs/set Rings Set For Girls Silver Smart Retro Women rings set birthday ear rings couple rings Fashionable ladies rings set gift for girls gift for her RNT-1526A finger ring set for women rings set order online,"
        ৳? ? ?
      ",None
Oxy Charcoal Deo Soap 75gm,"
        ৳? ? ?
      ",None
Ayur Herbal Apricot Facial Scrub - 250ml,"
        ৳? ? ?
      ",None
Indian Excellent Georgette Embroidery  Comfortable Salwar Kameez for Women [3 piece],"
        ৳? ? ?
      ",None
Freedom Belt System (Economy Pack) - 15 Pads,"
        ৳? ? ?
      ",None
Mni Bluetooth Wireless Headphone - White,"
        ৳? ? ?
      ",None
30Pcs/Set Fashion BTS KPOP Paper Cards New Album Support Photocards Postcards,"
        ৳? ? ?
      ",None
Replacement Band Cowboy Style Stainless Steel Watch Loop For APPLE Watch Watch Band,"
        ৳? ? ?
      ",None
"Digital Multimeter, Handheld Digital Multimeter LCD Backlight Portable AC/DC Ammeter Voltmeter Ohm Voltage Tester Meter Multimeter with Wire","
        ৳? ? ?
      ",None
Sweat Slim Belt Plus ( Indian ),"
        ৳? ? ?
      ",None
Obsessions Precious Stones Eyeshadow Palette,"
        ৳? ? ?
      ",None
8139 Analog Wrist Watch - Brown and White,"
        ৳? ? ?
      ",None
Portable torch gas lighter Metal Windproof Gas Refillable Cigar Lighter,"
        ৳? ? ?
      ",None
Fit Me Matte And Poreless Foundation 30ml shade1/2/3,"
        ৳? ? ?
      ",None
No Girlfriend No Pera Half Sleeve Tshirt,"
        ৳? ? ?
      ",None
Ladies Pest Top Mind Sleeve T-shirt,"
        ৳? ? ?
      ",None
Blackhead Remover Tool Acne Pimple Spot Extractor Pin - Silver,"
        ৳? ? ?
      ",None
ACI Pure Najirshail Rice 5Kg,"
        ৳? ? ?
      ",None
Happy Birthday Balloon Big Size- 36 Inch ( 5 PCS )-multicolor,"
        ৳? ? ?
      ",None
Multi color Balloons - 100 Pieces ( Small Size ),"
        ৳? ? ?
      ",None
Defender 3 ply Melt Blown Surgical Mask with nose bar (50pcs),"
        ৳? ? ?
      ",None
"Gorgeous Looking Colorful Square LED Digital Sports Watch ,  Water Resistance LED Wrist Watch","
        ৳? ? ?
      ",None
Hand Press Lemon Juicer,"
        ৳? ? ?
      ",None
2020 summer new casual homme cool T-Shirts Summer Poly Cotton Tops Tees Print T Shirt Men Loose T-Shirt Homme Fashion Tshirts,"
        ৳? ? ?
      ",None
Pantene Shampoo Lively Clean 650ML,"
        ৳? ? ?
      ",None
Head & Shoulders Shampoo Smooth & Silky 650ml  Buy 1 Get 1 Old Spice Pocket Deo Free,"
        ৳? ? ?
      ",None
"RICHVOLT 3 in 1 Magnetic Charging Cable QC 3.0A, Multi Magnetic Charger Cable Nylon Braided with LED Light, Magnet USB Cable Fast Charger for iPhone/Micro USB/Type C, 360° Rotating Fast Charging Cable","
        ৳? ? ?
      ",None
Krispy Curl Chips 10 gm (25 Packets),"
        ৳? ? ?
      ",None
Outdoor Small Mini Backpack Daypack Bookbags Laptop bag 10L,"
        ৳? ? ?
      ",None
Long Jeep Wallet Money Purses For Men,"
        ৳? ? ?
      ",None
ashion Sneakers Fly knit Light weight Slip-on MenSneakers Men Casual Shoes Men F,"
        ৳? ? ?
      ",None
[LazChoice]Essager Desk Mobile Phone Holder Stand For iPhone 12 11 iPad Adjustable Metal Desktop Tablet Holder Universal Table Cell Phone Stand-BLACK,"
        ৳? ? ?
      ",None
Telescopic Zoom Flash Light  Xpe+COB,"
        ৳? ? ?
      ",None
Face Mask – Black Head 3Pcs,"
        ৳? ? ?
      ",None
Glue gun 20 watt with 5 Pieces Glue Gun Stick,"
        ৳? ? ?
      ",None
WRM10 - PU Leather Wrist Watch For Men,"
        ৳? ? ?
      ",None
King Rubber Printed Cotton T Shirt,"
        ৳? ? ?
      ",None
Curewe Kerien New Business Long Designer Men & Women artificial Leather Wallet With Zipper Man Purse with Coin Pocket Card holder For Male,"
        ৳? ? ?
      ",None
Cross Body Messenger Bag Waterproof Bike Rider Crossbody Shoulder Handbag Bag For Men- 3 Colors,"
        ৳? ? ?
      ",None
Pack of 3 Cotton Underwear Boxer for Men,"
        ৳? ? ?
      ",None
relme buds2 Wired Earbud In-ear  Bass Subwoofer Stereo Earphones Hands-free With Mic,"
        ৳? ? ?
      ",None
Ring Light Tripod Stand Studio SET for Youtuber/Facebook live Video Tiktok Video,"
        ৳? ? ?
      ",None
coco peat#চারা করার রেডি ককোপিট # ককপিট মিডিয়া ব্রাউন ১ কেজি প্যাক,"
        ৳? ? ?
      ",None
USA polo T-shirt Yellow,"
        ৳? ? ?
      ",None
Argentina Jersey Home/Away Russia 2018,"
        ৳? ? ?
      ",None
10 inch Led Ring Fill Light Ringlight With Stand,"
        ৳? ? ?
      ",None
NEW LASIKA W-F110  Water Resistance/ Waterproof Silicon Digital Watch for Men,"
        ৳? ? ?
      ",None
Tripod Camera and Mobile Stand - Silver and Black,"
        ৳? ? ?
      ",None
YT 228 Mini Tripod For Mobile and Camera with Mobile Holder - Black,"
        ৳? ? ?
      ",None
New Zealand Cricket Jersey,"
        ৳? ? ?
      ",None
"Slim Fit Black, Dark  Ash Trousers, Joggers Sweats Pants for Mans","
        ৳? ? ?
      ",None
Realme c17 /Realme 7i Camera Lens Glass Protector - Transparent,"
        ৳? ? ?
      ",None
CkeyiN Portable Hair Clipper Rechargeable Hair Trimmer for Men High Performance Haircut Grooming Kit (Red) RC005RQ,"
        ৳? ? ?
      ",None
broad brand Metal Windproof Gas Refillable Lighter,"
        ৳? ? ?
      ",None
Xiaomi_Mi Coloring Mini Backpack,"
        ৳? ? ?
      ",None
Love Birds White Half Sleeve T-Shirt for Men,"
        ৳? ? ?
      ",None
Readymade Stylish Hot Kurti For Girls Long Linen (Bangla 1 Pcs) ShadaMon Shop,"
        ৳? ? ?
      ",None
Chocolate High quality Artificial Leather wallet for men,"
        ৳? ? ?
      ",None
2 PCS Bicycle Wheel Light - Multicolour,"
        ৳? ? ?
      ",None
ROREC White Rice Serum Essence Moisturizing Anti Wrinkle Anti-Allergy,"
        ৳? ? ?
      ",None
10 Pcs / 5 Pairs(5 Packet) PUBG finger sleeves - Finger Gloves For PUBG - Finger Sleeves For Free Fire - Finger Grip For Gaming - Free Fire Finger Sleeves / Free Fire Finger Gloves / Free Fire Finger Cover - PUBG Finger Gloves for Mobile Gaming,"
        ৳? ? ?
      ",None
Xiaomi Simple Casual Backpack,"
        ৳? ? ?
      ",None
Glue Stick for 20watt Gun (Thin) 10pcs,"
        ৳? ? ?
      ",None
Readymade Stylish Hot Gown For Girls Long Net  Gown  (1 Pcs) ShadaMon Shop,"
        ৳? ? ?
      ",None
Jeep PU Leather Purse Wallet with Credit Business Card Holders Professional style,"
        ৳? ? ?
      ",None
Travel Bags For Boys & Girls Weekend Outdoor Waterproof Teenage Children School Bags Men & Women Backpack,"
        ৳? ? ?
      ",None
"Crossbody small bag for men, Waterproof messenger bag sIngle shoulder Handbag - Black/Coffee/Blue (উচ্চতা 7 ইঞ্চি, প্রস্থ ৬ ইঞ্চি)","
        ৳? ? ?
      ",None
Coil less Hijab safety pins,"
        ৳? ? ?
      ",None
Cotton and Lace Bra For Women,"
        ৳? ? ?
      ",None
Navy Blue Half Sleeve Men's USA Polo T-Shirt By Men,"
        ৳? ? ?
      ",None
ভিয়েতনাম হাইব্রিড নারিকেল গাছ,"
        ৳? ? ?
      ",None
White Crystal Men\'s and Women\'s trendy Sunglasses,"
        ৳? ? ?
      ",None
Realme _Ruds 2_ in Ea_ Earphone_Headset Handsfree 3.5mm Jack with Mic,"
        ৳? ? ?
      ",None
Exclusive Trouser - Fabric soft and comfortable,"
        ৳? ? ?
      ",None
HBQ i7s TWS Wireless Bluetooth AirPods Earbuds with Charging case - white,"
        ৳? ? ?
      ",None
"New Glassware food jar, glass jar 500 gm (4 pieces)","
        ৳? ? ?
      ",None
P47 - Wireless Bluetooth Headphone - Black,"
        ৳? ? ?
      ",None
LED Dream Mushroom Lamp - multi color,"
        ৳? ? ?
      ",None
Women Fashion - White  Cotton Half Sleeve T Shirt For Women,"
        ৳? ? ?
      ",None
12 cm (4.8'') Small Size Grill Planter/Railing Pots/Garden Planter/Hanging Planter for Plants/Flower Tob/,"
        ৳? ? ?
      ",None
Decoration sticker for bike.. Motorcycle  alhamdulillah stickers,"
        ৳? ? ?
      ",None
Womens wear easy net bra soft bra stylish bra comfortable bra,"
        ৳? ? ?
      ",None
Anastasia Makeup Foundation Sponge Blender Blending Puff Flawless Powder Smooth Beauty Sponge Ble,"
        ৳? ? ?
      ",None
Boys Regular Use Short Pant (3 Pieces),"
        ৳? ? ?
      ",None
Mehedi Pata Gura(মেহেদী পাতা গুঁড়া) Henna Leaf Powder(100gm),"
        ৳? ? ?
      ",None
4 Piece Comfortable  Cotton Bra for Woman,"
        ৳? ? ?
      ",None
Easy Ice Cream Meker Box 6 Pc set,"
        ৳? ? ?
      ",None
Digital  watches  for  MEN,"
        ৳? ? ?
      ",None
"Digital Hanging Weight Scale, Portable Hanging Electronic Hook Scale","
        ৳? ? ?
      ",None
Premium Laptop Sticker,"
        ৳? ? ?
      ",None
Men Wallets Men Jeep Wallet with Coin Bag Small Money Purses New Design Dollar Slim Purse Money Clip Long Wallet,"
        ৳? ? ?
      ",None
Red cotton pk staylish polo,"
        ৳? ? ?
      ",None
Lentil powder,"
        ৳? ? ?
      ",None
(GADGET DREAM ) T1 Universal Ergonomic Collapsible Adjustable Metal Desktop Tablet Mobile Phone Holder Foldable Extend Cell Phone Support Desk Mount Table Stand Smart Phone Bracket black & white & green,"
        ৳? ? ?
      ",None
"TOLSEN Household Scissors (200mm, 8"") Soft Grip Handle 30044","
        ৳? ? ?
      ",None
